"Status","Start Time","Stop Time","Duration in ms","Parent Suite","Suite","Sub Suite","Test Class","Test Method","Name","Description"
"passed","Tue Jul 28 13:07:08 UTC 2026","Tue Jul 28 13:07:08 UTC 2026","8","","BuyerContactRequestController — Tests unitaires","","com.tortiki.api.infrastructure.adapter.in.web.BuyerContactRequestControllerTest","shouldReturn401WhenNotAuthenticated","GET /contact-requests/my — 401 sans authentification","Un utilisateur non authentifié tente de consulter — 401 Unauthorized."
"passed","Tue Jul 28 13:07:11 UTC 2026","Tue Jul 28 13:07:11 UTC 2026","5","","ContactRequestService","","com.tortiki.api.application.service.ContactRequestServiceTest","shouldThrowWhenListingNotFound","Doit lever ListingNotFoundException si annonce absente","L'annonce demandée n'existe pas — ListingNotFoundException levée."
"passed","Tue Jul 28 13:07:10 UTC 2026","Tue Jul 28 13:07:10 UTC 2026","69","","BuyerContactRequestService — Tests unitaires","","com.tortiki.api.application.service.BuyerContactRequestServiceTest","shouldReturnRequestsWhenBuyerHasContactRequests","findByBuyer retourne la liste des demandes de l'acheteur","L'acheteur a soumis deux demandes — la liste complète est retournée."
"passed","Tue Jul 28 13:07:10 UTC 2026","Tue Jul 28 13:07:10 UTC 2026","2","","AllergenService — Tests unitaires","","com.tortiki.api.application.service.AllergenServiceTest","findAll_shouldReturnAllAllergens","findAll retourne la liste complète des allergènes","Liste non vide retourne tous les allergènes disponibles."
"passed","Tue Jul 28 13:07:11 UTC 2026","Tue Jul 28 13:07:11 UTC 2026","2","","CuisineTypeService — Tests unitaires","","com.tortiki.api.application.service.CuisineTypeServiceTest","findById_shouldThrowException_whenNotFound","findById — lève CuisineTypeNotFoundException si l'id est inconnu","Identifiant inconnu — exception métier levée avec l'id dans le message."
"passed","Tue Jul 28 13:07:05 UTC 2026","Tue Jul 28 13:07:06 UTC 2026","34","","AdminListingController — Tests unitaires","","com.tortiki.api.infrastructure.adapter.in.web.AdminListingControllerTest","updateStatus_shouldReturn400_whenStatusBlank","PATCH /admin/listings/{id}/status retourne 400 si le statut est vide","Statut vide, HTTP 400, le use case n'est pas appelé"
"passed","Tue Jul 28 13:07:10 UTC 2026","Tue Jul 28 13:07:10 UTC 2026","2","","AdminListingService — Tests unitaires","","com.tortiki.api.application.service.AdminListingServiceTest","findAll_shouldReturnEmptyList_whenNoListings","findAll() retourne une liste vide si aucune annonce","findAll retourne une liste vide si aucune annonce n'existe"
"passed","Tue Jul 28 13:07:10 UTC 2026","Tue Jul 28 13:07:10 UTC 2026","4","","ReviewController — Tests unitaires","","com.tortiki.api.infrastructure.adapter.in.web.ReviewControllerTest","shouldReturn403ForSeller","POST /reviews — 403 pour ROLE_SELLER","Sofia (SELLER) tente de soumettre une évaluation — 403 Forbidden retourné."
"passed","Tue Jul 28 13:07:10 UTC 2026","Tue Jul 28 13:07:10 UTC 2026","2","","ManageContactRequestService","","com.tortiki.api.application.service.ManageContactRequestServiceTest","shouldReturnContactRequestsForSeller","Doit retourner les demandes reçues par le vendeur","Le vendeur consulte son tableau de bord — la liste de ses demandes est retournée."
"passed","Tue Jul 28 13:07:10 UTC 2026","Tue Jul 28 13:07:10 UTC 2026","3","","UserDetailsServiceImpl — Tests unitaires","","com.tortiki.api.infrastructure.adapter.out.persistence.UserDetailsServiceImplTest","loadUserByUsername_shouldReturnUserDetails_withSellerRole","loadUserByUsername retourne UserDetails avec ROLE_SELLER pour un vendeur actif","Sofia est vendeuse — loadUserByUsername retourne un UserDetails avec ROLE_SELLER."
"passed","Tue Jul 28 13:07:05 UTC 2026","Tue Jul 28 13:07:05 UTC 2026","9","","CuisineTypeController — Tests unitaires WebMvcTest","","com.tortiki.api.infrastructure.adapter.in.web.CuisineTypeControllerTest","delete_shouldReturn404_whenCuisineTypeNotFound","DELETE /cuisine-types/{id} — retourne 404 si l'origine est introuvable","Origine introuvable — HTTP 404 via GlobalExceptionHandler."
"passed","Tue Jul 28 13:07:08 UTC 2026","Tue Jul 28 13:07:08 UTC 2026","15","","ContactRequestController","","com.tortiki.api.infrastructure.adapter.in.web.ContactRequestControllerTest","shouldReturn201WhenBuyerSubmitsValidRequest","POST /api/v1/contact-requests → 201 pour ROLE_BUYER authentifié","Un acheteur authentifié soumet une demande valide — 201 Créé."
"passed","Tue Jul 28 13:07:05 UTC 2026","Tue Jul 28 13:07:05 UTC 2026","18","","CuisineTypeController — Tests unitaires WebMvcTest","","com.tortiki.api.infrastructure.adapter.in.web.CuisineTypeControllerTest","findAll_shouldReturn200_withList","GET /cuisine-types — retourne 200 avec la liste des origines culinaires","Liste non vide — HTTP 200 avec les origines culinaires."
"passed","Tue Jul 28 13:07:11 UTC 2026","Tue Jul 28 13:07:11 UTC 2026","8","","ContactRequestService","","com.tortiki.api.application.service.ContactRequestServiceTest","shouldCreateContactRequestWithPendingStatus","Doit créer la demande avec statut PENDING","Un acheteur soumet une demande valide — créée avec statut PENDING."
"passed","Tue Jul 28 13:07:09 UTC 2026","Tue Jul 28 13:07:09 UTC 2026","14","","AuthController — Tests unitaires WebMvcTest","","com.tortiki.api.infrastructure.adapter.in.web.AuthControllerTest","register_shouldReturn201_whenSuccessful","POST /register — retourne 201 avec UserResponse si l'inscription réussit","Sofia s'inscrit — HTTP 201 avec le profil utilisateur en réponse."
"passed","Tue Jul 28 13:07:06 UTC 2026","Tue Jul 28 13:07:06 UTC 2026","28","","AdminListingController — Tests unitaires","","com.tortiki.api.infrastructure.adapter.in.web.AdminListingControllerTest","findAll_shouldReturn200withList","GET /admin/listings retourne 200 avec la liste des annonces","Liste non vide, HTTP 200 avec les annonces au format admin"
"passed","Tue Jul 28 13:07:06 UTC 2026","Tue Jul 28 13:07:06 UTC 2026","6","","SearchListingController — Tests unitaires WebMvcTest","","com.tortiki.api.infrastructure.adapter.in.web.SearchListingControllerTest","search_shouldReturn200_whenNoParamsProvided","GET /search : retourne 200 sans paramètres (recherche globale)","Vérifie que GET /api/v1/listings/search sans paramètre
retourne HTTP 200 — tous les filtres sont optionnels.
"
"passed","Tue Jul 28 13:07:10 UTC 2026","Tue Jul 28 13:07:10 UTC 2026","7","","ReviewController — Tests unitaires","","com.tortiki.api.infrastructure.adapter.in.web.ReviewControllerTest","shouldReturn201WhenReviewIsSubmitted","POST /reviews — 201 Created pour un BUYER avec demande CONFIRMED","Théo soumet une évaluation valide — 201 Created avec le corps de la réponse."
"passed","Tue Jul 28 13:07:11 UTC 2026","Tue Jul 28 13:07:11 UTC 2026","5","","SubmitReviewService — Tests unitaires","","com.tortiki.api.application.service.SubmitReviewServiceTest","shouldCreateReviewWhenAllRulesPass","Doit créer l'évaluation si toutes les règles sont respectées","Un acheteur avec demande confirmée soumet une évaluation — créée avec succès."
"passed","Tue Jul 28 13:07:11 UTC 2026","Tue Jul 28 13:07:11 UTC 2026","128","","SearchListingsService — Tests unitaires","","com.tortiki.api.application.service.SearchListingsServiceTest","search_shouldReturnEmptyList_whenNoListingsFound","search : retourne liste vide si aucune annonce trouvée","Vérifie que search() retourne une liste vide sans exception
lorsque le repository ne trouve aucune annonce correspondante.
"
"passed","Tue Jul 28 13:07:11 UTC 2026","Tue Jul 28 13:07:11 UTC 2026","3","","SubmitReviewService — Tests unitaires","","com.tortiki.api.application.service.SubmitReviewServiceTest","shouldThrowWhenListingNotFound","Doit lever ListingNotFoundException si annonce absente","L'annonce n'existe pas — ListingNotFoundException levée."
"passed","Tue Jul 28 13:07:25 UTC 2026","Tue Jul 28 13:07:25 UTC 2026","20","","ContactRequestRepositoryIT","","com.tortiki.api.infrastructure.adapter.out.persistence.ContactRequestRepositoryIT","shouldReturnEmptyListWhenNoBuyerRequests","Doit retourner une liste vide si aucune demande pour cet acheteur","findByBuyerId retourne une liste vide si l'acheteur n'a soumis aucune demande."
"passed","Tue Jul 28 13:07:25 UTC 2026","Tue Jul 28 13:07:25 UTC 2026","63","","ContactRequestRepositoryIT","","com.tortiki.api.infrastructure.adapter.out.persistence.ContactRequestRepositoryIT","shouldFindContactRequestsByBuyerId","Doit retourner les demandes par buyerId","findByBuyerId retourne toutes les demandes soumises par un acheteur."
"passed","Tue Jul 28 13:07:05 UTC 2026","Tue Jul 28 13:07:05 UTC 2026","18","","CuisineTypeController — Tests unitaires WebMvcTest","","com.tortiki.api.infrastructure.adapter.in.web.CuisineTypeControllerTest","create_shouldReturn400_whenBodyIsInvalid","POST /cuisine-types — retourne 400 si le nom est vide","Corps invalide — HTTP 400, le use case n'est pas appelé."
"passed","Tue Jul 28 13:07:07 UTC 2026","Tue Jul 28 13:07:07 UTC 2026","2","","ListingWebMapper — Tests unitaires","","com.tortiki.api.infrastructure.adapter.in.web.ListingWebMapperTest","toResponseShouldExposeIdsAlongsideNames","toResponse — expose cuisineTypeId et allergenIds en plus des libellés","Le mapper expose cuisineTypeId et allergenIds en plus des libellés, évitant le mismatch de contrat avec ListingDetailResponse (frontend)."
"passed","Tue Jul 28 13:07:11 UTC 2026","Tue Jul 28 13:07:11 UTC 2026","2","","UserService — Tests unitaires","","com.tortiki.api.application.service.UserServiceTest","findByEmail_shouldThrowException_whenNotFound","findByEmail — lève UserNotFoundException si l'email est inconnu","Email inconnu en base — UserNotFoundException levée avec l'email dans le message."
"passed","Tue Jul 28 13:07:11 UTC 2026","Tue Jul 28 13:07:11 UTC 2026","3","","ListingService — Tests unitaires","","com.tortiki.api.application.service.ListingServiceTest","findDistinctActiveCities_shouldReturnCityList_whenActiveListingsExist","findDistinctActiveCities — retourne la liste triée des villes actives","Villes actives présentes en base — liste triée retournée sans transformation."
"passed","Tue Jul 28 13:07:10 UTC 2026","Tue Jul 28 13:07:10 UTC 2026","2","","AdminListingService — Tests unitaires","","com.tortiki.api.application.service.AdminListingServiceTest","updateStatus_shouldAcceptDeletedStatus","updateStatus() accepte le statut DELETED","updateStatus accepte DELETED comme statut valide"
"passed","Tue Jul 28 13:07:07 UTC 2026","Tue Jul 28 13:07:07 UTC 2026","9","","ListingController — Tests unitaires WebMvcTest","","com.tortiki.api.infrastructure.adapter.in.web.ListingControllerTest","create_shouldReturn400_whenBodyIsInvalid","POST /listings — retourne 400 si le corps est invalide","Corps invalide — HTTP 400 Bad Request, le use case n'est pas appelé."
"passed","Tue Jul 28 13:07:07 UTC 2026","Tue Jul 28 13:07:07 UTC 2026","21","","ListingWebMapper — Tests unitaires","","com.tortiki.api.infrastructure.adapter.in.web.ListingWebMapperTest","toResponseShouldHandleNullCuisineType","toResponse — gère un cuisineType null sans lever d'exception","Le mapper ne lève pas d'exception lorsque cuisineType est null (annonce en cours de création, origine culinaire pas encore renseignée)."
"passed","Tue Jul 28 13:07:10 UTC 2026","Tue Jul 28 13:07:10 UTC 2026","2","","FindReviewsService — Tests unitaires","","com.tortiki.api.application.service.FindReviewsServiceTest","findByListingId_shouldReturnEmptyList_whenNoReviewsExist","Doit retourner une liste vide si l'annonce n'a aucune évaluation","Une annonce sans évaluation retourne une liste vide, sans exception."
"passed","Tue Jul 28 13:07:11 UTC 2026","Tue Jul 28 13:07:11 UTC 2026","2","","UserService — Tests unitaires","","com.tortiki.api.application.service.UserServiceTest","register_shouldThrowException_whenEmailAlreadyExists","register — lève UserAlreadyExistsException si l'email est déjà utilisé","Email déjà enregistré — UserAlreadyExistsException levée, aucune persistance."
"passed","Tue Jul 28 13:07:11 UTC 2026","Tue Jul 28 13:07:11 UTC 2026","2","","SubmitReviewService — Tests unitaires","","com.tortiki.api.application.service.SubmitReviewServiceTest","shouldThrowWhenCommandRatingIsInvalid","Command doit lever IllegalArgumentException si rating < 1","Note invalide (0) — IllegalArgumentException levée dès la construction."
"passed","Tue Jul 28 13:07:10 UTC 2026","Tue Jul 28 13:07:10 UTC 2026","199","","MinioStorageAdapter — tests unitaires","","com.tortiki.api.infrastructure.adapter.out.storage.MinioStorageAdapterTest","upload_echecMinio_leveStorageException","upload() — échec MinIO → lève StorageException",""
"passed","Tue Jul 28 13:07:10 UTC 2026","Tue Jul 28 13:07:10 UTC 2026","73","","NominatimGateway — Tests unitaires","","com.tortiki.api.infrastructure.adapter.out.geolocation.NominatimGatewayTest","geocode_shouldReturnEmpty_whenCityIsBlank","geocode : retourne Optional.empty() si city est blank","Vérifie que geocode() retourne Optional.empty() immédiatement
sans appeler WebClient lorsque city est une chaîne vide ou espaces.
Aucune requête HTTP ne doit être émise.
"
"passed","Tue Jul 28 13:07:11 UTC 2026","Tue Jul 28 13:07:11 UTC 2026","2","","CuisineTypeService — Tests unitaires","","com.tortiki.api.application.service.CuisineTypeServiceTest","update_shouldUpdateExistingCuisineType","update — met à jour le nom et la description d'une origine existante","Mise à jour d'une origine existante — les nouvelles valeurs sont persistées."
"passed","Tue Jul 28 13:07:05 UTC 2026","Tue Jul 28 13:07:05 UTC 2026","73","","CuisineTypeController — Tests unitaires WebMvcTest","","com.tortiki.api.infrastructure.adapter.in.web.CuisineTypeControllerTest","create_shouldReturn201_whenAdminCreates","POST /cuisine-types — retourne 201 si la création réussit (ADMIN)","Admin crée une origine culinaire — HTTP 201."
"passed","Tue Jul 28 13:07:10 UTC 2026","Tue Jul 28 13:07:10 UTC 2026","7","","ReviewController — Tests unitaires","","com.tortiki.api.infrastructure.adapter.in.web.ReviewControllerTest","shouldReturn400WhenListingIdIsNull","POST /reviews — 400 si listingId est null","listingId absent — 400 Bad Request retourné par Bean Validation."
"passed","Tue Jul 28 13:07:09 UTC 2026","Tue Jul 28 13:07:09 UTC 2026","13","","AuthController — Tests unitaires WebMvcTest","","com.tortiki.api.infrastructure.adapter.in.web.AuthControllerTest","register_shouldReturn400_whenBodyIsInvalid","POST /register — retourne 400 si les champs obligatoires sont absents","Champs manquants dans la requête — HTTP 400 Bad Request."
"passed","Tue Jul 28 13:07:04 UTC 2026","Tue Jul 28 13:07:04 UTC 2026","106","","com.tortiki.api.TortikiApiApplicationTests","","com.tortiki.api.TortikiApiApplicationTests","contextLoads","contextLoads()",""
"passed","Tue Jul 28 13:07:10 UTC 2026","Tue Jul 28 13:07:10 UTC 2026","8","","ReviewController — Tests unitaires","","com.tortiki.api.infrastructure.adapter.in.web.ReviewControllerTest","shouldReturn409WhenReviewAlreadyExists","POST /reviews — 409 si l'acheteur a déjà évalué cette annonce","Théo tente de noter deux fois la même annonce — 409 Conflict retourné."
"passed","Tue Jul 28 13:07:06 UTC 2026","Tue Jul 28 13:07:07 UTC 2026","5","","SellerDashboardController","","com.tortiki.api.infrastructure.adapter.in.web.SellerDashboardControllerTest","shouldReturn403ForBuyerOnGet","Doit retourner 403 pour ROLE_BUYER sur GET tableau de bord","Un acheteur tente d'accéder au tableau de bord vendeur — 403 retourné."
"passed","Tue Jul 28 13:07:10 UTC 2026","Tue Jul 28 13:07:10 UTC 2026","3","","MinioStorageAdapter — tests unitaires","","com.tortiki.api.infrastructure.adapter.out.storage.MinioStorageAdapterTest","upload_bucketExistant_retourneUrl","upload() — cas nominal : bucket existant → retourne l'URL publique",""
"passed","Tue Jul 28 13:07:11 UTC 2026","Tue Jul 28 13:07:11 UTC 2026","132","","UserService — Tests unitaires","","com.tortiki.api.application.service.UserServiceTest","register_shouldStoreHashedPassword_notPlainText","register — stocke le hash BCrypt et non le mot de passe en clair","Le mot de passe stocké est le hash BCrypt, jamais le mot de passe en clair."
"passed","Tue Jul 28 13:07:09 UTC 2026","Tue Jul 28 13:07:09 UTC 2026","7","","ReviewController — Tests unitaires","","com.tortiki.api.infrastructure.adapter.in.web.ReviewControllerTest","shouldReturn401ForUnauthenticated","POST /reviews — 401 pour un utilisateur non authentifié","Utilisateur non authentifié tente de soumettre une évaluation — 401 retourné."
"passed","Tue Jul 28 13:07:10 UTC 2026","Tue Jul 28 13:07:10 UTC 2026","38","","NominatimGateway — Tests unitaires","","com.tortiki.api.infrastructure.adapter.out.geolocation.NominatimGatewayTest","geocode_shouldReturnCoordinates_whenCityIsKnown","geocode : retourne les coordonnées GPS pour Nancy","Vérifie que geocode() retourne les coordonnées GPS correctes
lorsque Nominatim renvoie un résultat valide pour Nancy.
Latitude et longitude sont parsées depuis les chaînes JSON Nominatim.
"
"passed","Tue Jul 28 13:07:11 UTC 2026","Tue Jul 28 13:07:11 UTC 2026","4","","ListingService — Tests unitaires","","com.tortiki.api.application.service.ListingServiceTest","update_shouldUpdateListing_whenSellerIsOwner","update — met à jour une annonce et re-géocode si l'adresse change","Sofia modifie son annonce avec une nouvelle adresse — Nominatim appelé."
"passed","Tue Jul 28 13:07:06 UTC 2026","Tue Jul 28 13:07:06 UTC 2026","6","","AdminListingController — Tests unitaires","","com.tortiki.api.infrastructure.adapter.in.web.AdminListingControllerTest","updateStatus_shouldReturn403_whenNotAdmin","PATCH /admin/listings/{id}/status retourne 403 si le rôle ADMIN est absent","Utilisateur sans ROLE_ADMIN, HTTP 403 Forbidden"
"passed","Tue Jul 28 13:07:11 UTC 2026","Tue Jul 28 13:07:11 UTC 2026","4","","SubmitReviewService — Tests unitaires","","com.tortiki.api.application.service.SubmitReviewServiceTest","shouldThrowWhenNoConfirmedRequest","Doit lever ReviewNotAllowedException si pas de demande confirmée","Aucune demande CONFIRMED — ReviewNotAllowedException levée."
"passed","Tue Jul 28 13:07:11 UTC 2026","Tue Jul 28 13:07:11 UTC 2026","3","","ListingService — Tests unitaires","","com.tortiki.api.application.service.ListingServiceTest","update_shouldNotCallGeolocation_whenAddressUnchanged","update — ne re-géocode pas si l'adresse est identique","Sofia modifie son annonce sans changer l'adresse — Nominatim non appelé."
"passed","Tue Jul 28 13:07:11 UTC 2026","Tue Jul 28 13:07:11 UTC 2026","2","","CuisineTypeService — Tests unitaires","","com.tortiki.api.application.service.CuisineTypeServiceTest","findById_shouldReturnCuisineType_whenFound","findById — retourne l'origine culinaire correspondant à l'id","Récupération d'une origine par son identifiant — retourne l'objet."
"passed","Tue Jul 28 13:07:10 UTC 2026","Tue Jul 28 13:07:10 UTC 2026","2","","BuyerContactRequestService — Tests unitaires","","com.tortiki.api.application.service.BuyerContactRequestServiceTest","shouldReturnEmptyListWhenBuyerHasNoContactRequests","findByBuyer retourne une liste vide si aucune demande","L'acheteur n'a soumis aucune demande — une liste vide est retournée."
"passed","Tue Jul 28 13:07:11 UTC 2026","Tue Jul 28 13:07:11 UTC 2026","2","","UserService — Tests unitaires","","com.tortiki.api.application.service.UserServiceTest","findById_shouldReturnUser_whenExists","findById — retourne l'utilisateur si l'identifiant existe","Recherche par identifiant existant — utilisateur retourné."
"passed","Tue Jul 28 13:07:24 UTC 2026","Tue Jul 28 13:07:25 UTC 2026","286","","SearchListingRepositoryIT","","com.tortiki.api.infrastructure.adapter.out.persistence.SearchListingRepositoryIT","shouldReturnListingsWithinRadius","Doit retourner les annonces dans le rayon de recherche","Recherche dans un rayon de 10 km — retourne les annonces actives."
"passed","Tue Jul 28 13:07:11 UTC 2026","Tue Jul 28 13:07:11 UTC 2026","2","","ListingService — Tests unitaires","","com.tortiki.api.application.service.ListingServiceTest","create_shouldThrowCuisineTypeNotFoundException_whenCuisineTypeNotFound","create — lève CuisineTypeNotFoundException si l'origine culinaire est inconnue","Origine culinaire introuvable lors de la création — CuisineTypeNotFoundException."
"passed","Tue Jul 28 13:07:05 UTC 2026","Tue Jul 28 13:07:05 UTC 2026","138","","CuisineTypeController — Tests unitaires WebMvcTest","","com.tortiki.api.infrastructure.adapter.in.web.CuisineTypeControllerTest","delete_shouldReturn409_whenCuisineTypeStillInUse","DELETE /cuisine-types/{id} — retourne 409 si des annonces actives la référencent","Origine encore référencée par des annonces actives — HTTP 409 Conflict."
"passed","Tue Jul 28 13:07:11 UTC 2026","Tue Jul 28 13:07:11 UTC 2026","2","","SearchListingsService — Tests unitaires","","com.tortiki.api.application.service.SearchListingsServiceTest","search_shouldEnrichCriteriaWithCoordinates_whenCityIsProvided","search : enrichit les critères avec coordonnées GPS si city fournie","Vérifie que search() appelle GeolocationPort.geocode() lorsque city
est renseignée, puis transmet les coordonnées enrichies au repository.
"
"passed","Tue Jul 28 13:07:25 UTC 2026","Tue Jul 28 13:07:25 UTC 2026","17","","SearchListingRepositoryIT","","com.tortiki.api.infrastructure.adapter.out.persistence.SearchListingRepositoryIT","shouldReturnEmptyListWhenNoListingsInArea","Doit retourner une liste vide si aucune annonce dans la zone","Recherche dans une zone sans annonce — retourne une liste vide."
"passed","Tue Jul 28 13:07:10 UTC 2026","Tue Jul 28 13:07:10 UTC 2026","1","","AdminListingService — Tests unitaires","","com.tortiki.api.application.service.AdminListingServiceTest","findAll_shouldReturnAllListings","findAll() retourne toutes les annonces du repository","findAll délègue au port out et retourne toutes les annonces"
"passed","Tue Jul 28 13:07:06 UTC 2026","Tue Jul 28 13:07:06 UTC 2026","22","","SearchListingController — Tests unitaires WebMvcTest","","com.tortiki.api.infrastructure.adapter.in.web.SearchListingControllerTest","search_shouldReturn200WithEmptyList_whenNoResults","GET /search : retourne 200 avec liste vide si aucun résultat","Vérifie que GET /api/v1/listings/search retourne HTTP 200
avec une liste vide lorsqu'aucune annonce ne correspond.
"
"passed","Tue Jul 28 13:07:10 UTC 2026","Tue Jul 28 13:07:10 UTC 2026","97","","UserDetailsServiceImpl — Tests unitaires","","com.tortiki.api.infrastructure.adapter.out.persistence.UserDetailsServiceImplTest","loadUserByUsername_shouldReturnUserDetails_withBuyerRole","loadUserByUsername retourne UserDetails avec ROLE_BUYER pour un acheteur actif","Théo est acheteur — loadUserByUsername retourne un UserDetails avec ROLE_BUYER."
"passed","Tue Jul 28 13:07:08 UTC 2026","Tue Jul 28 13:07:08 UTC 2026","15","","AllergenController — Tests unitaires","","com.tortiki.api.infrastructure.adapter.in.web.AllergenControllerTest","shouldReturn403WhenSellerTriesToCreateAllergen","POST /api/v1/allergens — retourne 403 pour ROLE_SELLER","Un vendeur ne peut pas créer d'allergène — réservé à ROLE_ADMIN."
"passed","Tue Jul 28 13:07:08 UTC 2026","Tue Jul 28 13:07:08 UTC 2026","25","","ContactRequestController","","com.tortiki.api.infrastructure.adapter.in.web.ContactRequestControllerTest","shouldReturn400WhenPortionsIsNull","POST /api/v1/contact-requests → 400 si portions absent","Le body ne contient pas portions — 400 Requête invalide."
"passed","Tue Jul 28 13:07:06 UTC 2026","Tue Jul 28 13:07:06 UTC 2026","34","","SellerDashboardController","","com.tortiki.api.infrastructure.adapter.in.web.SellerDashboardControllerTest","shouldReturn404WhenContactRequestNotFound","Doit retourner 404 si demande introuvable ou hors périmètre","La demande n'existe pas ou est hors périmètre vendeur — 404 retourné."
"passed","Tue Jul 28 13:07:11 UTC 2026","Tue Jul 28 13:07:11 UTC 2026","4","","ListingService — Tests unitaires","","com.tortiki.api.application.service.ListingServiceTest","updatePhoto_shouldUploadAndPersistPhotoUrl_whenSellerIsOwner","updatePhoto — upload la photo via StoragePort et persiste l'URL","Sofia upload la photo de son annonce — StoragePort appelé, URL persistée."
"passed","Tue Jul 28 13:07:10 UTC 2026","Tue Jul 28 13:07:10 UTC 2026","3","","ManageContactRequestService","","com.tortiki.api.application.service.ManageContactRequestServiceTest","shouldConfirmPendingContactRequest","Doit confirmer une demande PENDING → CONFIRMED","Le vendeur confirme une demande PENDING — statut mis à jour en CONFIRMED."
"passed","Tue Jul 28 13:07:08 UTC 2026","Tue Jul 28 13:07:08 UTC 2026","6","","BuyerContactRequestController — Tests unitaires","","com.tortiki.api.infrastructure.adapter.in.web.BuyerContactRequestControllerTest","shouldReturn403WhenSellerTriesToAccess","GET /contact-requests/my — 403 pour ROLE_SELLER","Un vendeur tente de consulter l'historique acheteur — 403 Forbidden."
"passed","Tue Jul 28 13:07:11 UTC 2026","Tue Jul 28 13:07:11 UTC 2026","2","","UserService — Tests unitaires","","com.tortiki.api.application.service.UserServiceTest","findById_shouldThrowException_whenNotFound","findById — lève UserNotFoundException si l'identifiant est inconnu","Identifiant inconnu en base — UserNotFoundException levée avec l'id dans le message."
"passed","Tue Jul 28 13:07:11 UTC 2026","Tue Jul 28 13:07:11 UTC 2026","2","","ListingService — Tests unitaires","","com.tortiki.api.application.service.ListingServiceTest","findById_shouldThrowException_whenNotFound","findById — lève ListingNotFoundException si l'id est inconnu","Annonce introuvable — ListingNotFoundException levée avec l'id dans le message."
"passed","Tue Jul 28 13:07:07 UTC 2026","Tue Jul 28 13:07:07 UTC 2026","14","","SellerDashboardController","","com.tortiki.api.infrastructure.adapter.in.web.SellerDashboardControllerTest","shouldReturn200WhenConfirmingPendingRequest","Doit retourner 200 lors de la confirmation d'une demande PENDING","Le vendeur confirme une demande PENDING — 200 avec la demande mise à jour."
"passed","Tue Jul 28 13:07:11 UTC 2026","Tue Jul 28 13:07:11 UTC 2026","3","","ContactRequestService","","com.tortiki.api.application.service.ContactRequestServiceTest","shouldThrowWhenDuplicateContactRequestExists","Doit lever ContactRequestAlreadyExistsException si doublon","Un acheteur soumet une seconde demande pour la même annonce — exception levée."
"passed","Tue Jul 28 13:07:10 UTC 2026","Tue Jul 28 13:07:10 UTC 2026","66","","AllergenService — Tests unitaires","","com.tortiki.api.application.service.AllergenServiceTest","findById_shouldThrowException_whenNotFound","findById lève AllergenNotFoundException si l'id est inconnu","Allergène introuvable lève AllergenNotFoundException avec l'id dans le message."
"passed","Tue Jul 28 13:07:10 UTC 2026","Tue Jul 28 13:07:10 UTC 2026","4","","ManageContactRequestService","","com.tortiki.api.application.service.ManageContactRequestServiceTest","shouldRefusePendingContactRequest","Doit refuser une demande PENDING → REFUSED","Le vendeur refuse une demande PENDING — statut mis à jour en REFUSED."
"passed","Tue Jul 28 13:07:11 UTC 2026","Tue Jul 28 13:07:11 UTC 2026","4","","ContactRequestService","","com.tortiki.api.application.service.ContactRequestServiceTest","shouldThrowWhenBuyerNotFound","Doit lever UserNotFoundException si acheteur absent ou inactif","L'acheteur est introuvable ou son compte est inactif — UserNotFoundException levée."
"passed","Tue Jul 28 13:07:10 UTC 2026","Tue Jul 28 13:07:10 UTC 2026","12","","MinioStorageAdapter — tests unitaires","","com.tortiki.api.infrastructure.adapter.out.storage.MinioStorageAdapterTest","upload_bucketAbsent_creeBucketPuisUploade","upload() — bucket absent → crée le bucket puis upload",""
"passed","Tue Jul 28 13:07:07 UTC 2026","Tue Jul 28 13:07:07 UTC 2026","6","","SellerDashboardController","","com.tortiki.api.infrastructure.adapter.in.web.SellerDashboardControllerTest","shouldReturn401ForUnauthenticatedOnGet","Doit retourner 401 pour un utilisateur non authentifié sur GET tableau de bord","Un utilisateur non authentifié accède au tableau de bord — 401 retourné."
"passed","Tue Jul 28 13:07:06 UTC 2026","Tue Jul 28 13:07:06 UTC 2026","8","","AdminListingController — Tests unitaires","","com.tortiki.api.infrastructure.adapter.in.web.AdminListingControllerTest","updateStatus_shouldReturn400_whenStatusInvalid","PATCH /admin/listings/{id}/status retourne 400 si le statut est invalide","Statut invalide, HTTP 400, le use case n'est pas appelé"
"passed","Tue Jul 28 13:07:11 UTC 2026","Tue Jul 28 13:07:11 UTC 2026","2","","CuisineTypeService — Tests unitaires","","com.tortiki.api.application.service.CuisineTypeServiceTest","delete_shouldThrowException_whenCuisineTypeNotFound","delete — lève CuisineTypeNotFoundException si l'id est inconnu","Suppression d'une origine introuvable — exception métier levée."
"passed","Tue Jul 28 13:07:05 UTC 2026","Tue Jul 28 13:07:05 UTC 2026","9","","CuisineTypeController — Tests unitaires WebMvcTest","","com.tortiki.api.infrastructure.adapter.in.web.CuisineTypeControllerTest","delete_shouldReturn204_whenAdminDeletesUnusedCuisineType","DELETE /cuisine-types/{id} — retourne 204 si la suppression réussit (ADMIN)","Admin supprime une origine non utilisée — HTTP 204."
"passed","Tue Jul 28 13:07:10 UTC 2026","Tue Jul 28 13:07:10 UTC 2026","3","","BuyerContactRequestService — Tests unitaires","","com.tortiki.api.application.service.BuyerContactRequestServiceTest","shouldThrowWhenBuyerNotFound","findByBuyer lève UserNotFoundException si l'acheteur est introuvable","L'email ne correspond à aucun compte actif — UserNotFoundException levée."
"passed","Tue Jul 28 13:07:11 UTC 2026","Tue Jul 28 13:07:11 UTC 2026","4","","UserService — Tests unitaires","","com.tortiki.api.application.service.UserServiceTest","register_shouldCreateUser_whenEmailIsAvailable","register — crée et retourne l'utilisateur si l'email est disponible","Sofia s'inscrit avec un email disponible — compte créé, mot de passe encodé."
"passed","Tue Jul 28 13:07:10 UTC 2026","Tue Jul 28 13:07:10 UTC 2026","76","","AdminListingService — Tests unitaires","","com.tortiki.api.application.service.AdminListingServiceTest","updateStatus_shouldChangeStatusAndSave_whenListingExists","updateStatus() change le statut et sauvegarde","updateStatus modifie le statut et persiste l'annonce"
"passed","Tue Jul 28 13:07:08 UTC 2026","Tue Jul 28 13:07:08 UTC 2026","5","","AllergenController — Tests unitaires","","com.tortiki.api.infrastructure.adapter.in.web.AllergenControllerTest","shouldReturn401WhenUnauthenticatedTriesToCreateAllergen","POST /api/v1/allergens — retourne 401 sans authentification","Un utilisateur non authentifié ne peut pas créer d'allergène."
"passed","Tue Jul 28 13:07:25 UTC 2026","Tue Jul 28 13:07:25 UTC 2026","20","","ContactRequestRepositoryIT","","com.tortiki.api.infrastructure.adapter.out.persistence.ContactRequestRepositoryIT","shouldReturnFalseWhenNoDuplicateExists","Doit retourner false si aucune demande pour ce couple listing/buyer","existsByListingIdAndBuyerId retourne false si aucune demande n'existe."
"passed","Tue Jul 28 13:07:06 UTC 2026","Tue Jul 28 13:07:06 UTC 2026","20","","SellerDashboardController","","com.tortiki.api.infrastructure.adapter.in.web.SellerDashboardControllerTest","shouldReturn200WithDashboardForSeller","Doit retourner 200 avec la liste des demandes pour ROLE_SELLER","Un vendeur authentifié consulte son tableau de bord — 200 avec la liste."
"passed","Tue Jul 28 13:07:10 UTC 2026","Tue Jul 28 13:07:10 UTC 2026","2","","AdminListingService — Tests unitaires","","com.tortiki.api.application.service.AdminListingServiceTest","updateStatus_shouldThrow_whenListingNotFound","updateStatus() lève ListingNotFoundException si annonce absente","updateStatus lève ListingNotFoundException si l'annonce est introuvable"
"passed","Tue Jul 28 13:07:11 UTC 2026","Tue Jul 28 13:07:11 UTC 2026","2","","SearchListingsService — Tests unitaires","","com.tortiki.api.application.service.SearchListingsServiceTest","search_shouldSearchWithoutCoordinates_whenGeolocationFails","search : recherche sans coordonnées si Nominatim échoue","Vérifie que search() continue sans filtre géographique
lorsque GeolocationPort retourne Optional.empty().
Nominatim indisponible ne doit pas bloquer la recherche.
"
"passed","Tue Jul 28 13:07:06 UTC 2026","Tue Jul 28 13:07:06 UTC 2026","14","","SearchListingController — Tests unitaires WebMvcTest","","com.tortiki.api.infrastructure.adapter.in.web.SearchListingControllerTest","search_shouldReturn200WithListings_whenResultsFound","GET /search : retourne 200 avec liste d'annonces","Vérifie que GET /api/v1/listings/search retourne HTTP 200
avec la liste d'annonces mappées en DTO.
"
"passed","Tue Jul 28 13:07:07 UTC 2026","Tue Jul 28 13:07:07 UTC 2026","8","","ListingController — Tests unitaires WebMvcTest","","com.tortiki.api.infrastructure.adapter.in.web.ListingControllerTest","findAll_shouldReturn200_withListingList","GET /listings — retourne 200 avec la liste des annonces actives","Catalogue non vide — HTTP 200 avec la liste des annonces."
"passed","Tue Jul 28 13:07:10 UTC 2026","Tue Jul 28 13:07:10 UTC 2026","10","","ReviewController — Tests unitaires","","com.tortiki.api.infrastructure.adapter.in.web.ReviewControllerTest","shouldReturn201WhenCommentIsNull","POST /reviews — 201 si comment est null (champ optionnel)","Évaluation sans commentaire — champ optionnel, 201 Created retourné."
"passed","Tue Jul 28 13:07:11 UTC 2026","Tue Jul 28 13:07:11 UTC 2026","3","","CuisineTypeService — Tests unitaires","","com.tortiki.api.application.service.CuisineTypeServiceTest","update_shouldThrowException_whenCuisineTypeNotFound","update — lève CuisineTypeNotFoundException si l'id est inconnu","Tentative de mise à jour d'une origine introuvable — exception métier levée."
"passed","Tue Jul 28 13:07:11 UTC 2026","Tue Jul 28 13:07:11 UTC 2026","2","","CuisineTypeService — Tests unitaires","","com.tortiki.api.application.service.CuisineTypeServiceTest","create_shouldPersistAndReturnCuisineType","create — persiste et retourne la nouvelle origine culinaire","Un admin crée une nouvelle origine culinaire — elle est persistée et retournée."
"passed","Tue Jul 28 13:07:05 UTC 2026","Tue Jul 28 13:07:05 UTC 2026","9","","CuisineTypeController — Tests unitaires WebMvcTest","","com.tortiki.api.infrastructure.adapter.in.web.CuisineTypeControllerTest","delete_shouldReturn403_whenNotAdmin","DELETE /cuisine-types/{id} — retourne 403 si le rôle ADMIN est absent","Utilisateur sans ROLE_ADMIN — HTTP 403 Forbidden."
"passed","Tue Jul 28 13:07:11 UTC 2026","Tue Jul 28 13:07:11 UTC 2026","4","","ContactRequestService","","com.tortiki.api.application.service.ContactRequestServiceTest","shouldThrowWhenBuyerIsTheSeller","Doit lever SelfContactException si acheteur == vendeur","Un vendeur tente de contacter sa propre annonce — SelfContactException levée."
"passed","Tue Jul 28 13:07:09 UTC 2026","Tue Jul 28 13:07:10 UTC 2026","20","","ReviewController — Tests unitaires","","com.tortiki.api.infrastructure.adapter.in.web.ReviewControllerTest","shouldReturn403WhenNoConfirmedContactRequest","POST /reviews — 403 si aucune demande CONFIRMED pour cette annonce","Théo n'a pas de demande CONFIRMED — 403 Forbidden retourné."
"passed","Tue Jul 28 13:07:10 UTC 2026","Tue Jul 28 13:07:10 UTC 2026","7","","ReviewController — Tests unitaires","","com.tortiki.api.infrastructure.adapter.in.web.ReviewControllerTest","shouldReturn400WhenRatingExceedsMaximum","POST /reviews — 400 si rating > 5","Note supérieure à 5 — 400 Bad Request retourné par @Max(5)."
"passed","Tue Jul 28 13:07:08 UTC 2026","Tue Jul 28 13:07:08 UTC 2026","8","","ContactRequestController","","com.tortiki.api.infrastructure.adapter.in.web.ContactRequestControllerTest","shouldReturn400WhenListingIdIsNull","POST /api/v1/contact-requests → 400 si listingId absent","Le body ne contient pas listingId — 400 Requête invalide."
"passed","Tue Jul 28 13:07:10 UTC 2026","Tue Jul 28 13:07:10 UTC 2026","7","","ReviewController — Tests unitaires","","com.tortiki.api.infrastructure.adapter.in.web.ReviewControllerTest","shouldReturn400WhenRatingIsBelowMinimum","POST /reviews — 400 si rating < 1","Note inférieure à 1 — 400 Bad Request retourné par @Min(1)."
"passed","Tue Jul 28 13:07:10 UTC 2026","Tue Jul 28 13:07:10 UTC 2026","8","","ReviewController — Tests unitaires","","com.tortiki.api.infrastructure.adapter.in.web.ReviewControllerTest","shouldReturn404WhenListingNotFound","POST /reviews — 404 si l'annonce est introuvable","L'annonce ciblée n'existe pas — 404 Not Found retourné."
"passed","Tue Jul 28 13:07:11 UTC 2026","Tue Jul 28 13:07:11 UTC 2026","2","","ListingService — Tests unitaires","","com.tortiki.api.application.service.ListingServiceTest","findBySeller_shouldReturnEmptyList_whenNoActiveListings","findBySeller — retourne une liste vide si aucune annonce active","Vendeur sans annonce active — liste vide retournée."
"passed","Tue Jul 28 13:07:11 UTC 2026","Tue Jul 28 13:07:11 UTC 2026","3","","ListingService — Tests unitaires","","com.tortiki.api.application.service.ListingServiceTest","findById_shouldReturnListing_whenFound","findById — retourne l'annonce correspondant à l'id","Récupération d'une annonce par identifiant — retourne l'annonce."
"passed","Tue Jul 28 13:07:09 UTC 2026","Tue Jul 28 13:07:09 UTC 2026","22","","AuthController — Tests unitaires WebMvcTest","","com.tortiki.api.infrastructure.adapter.in.web.AuthControllerTest","register_shouldReturn409_whenEmailAlreadyExists","POST /register — retourne 409 si l'email est déjà utilisé","Email déjà utilisé — HTTP 409 Conflict avec body ErrorResponse."
"passed","Tue Jul 28 13:07:11 UTC 2026","Tue Jul 28 13:07:11 UTC 2026","1","","UserService — Tests unitaires","","com.tortiki.api.application.service.UserServiceTest","findByEmail_shouldReturnUser_whenExists","findByEmail — retourne l'utilisateur si l'email existe","Recherche par email existant — utilisateur retourné."
"passed","Tue Jul 28 13:07:08 UTC 2026","Tue Jul 28 13:07:08 UTC 2026","15","","AllergenController — Tests unitaires","","com.tortiki.api.infrastructure.adapter.in.web.AllergenControllerTest","shouldReturn204WhenAdminDeletesAllergen","DELETE /api/v1/allergens/{id} — retourne 204 pour ROLE_ADMIN","Un administrateur peut désactiver un allergène existant."
"passed","Tue Jul 28 13:07:11 UTC 2026","Tue Jul 28 13:07:11 UTC 2026","3","","ListingService — Tests unitaires","","com.tortiki.api.application.service.ListingServiceTest","update_shouldThrowUnauthorizedActionException_whenSellerIsNotOwner","update — lève UnauthorizedActionException si le vendeur n'est pas propriétaire","Un vendeur tiers tente de modifier l'annonce — UnauthorizedActionException levée."
"passed","Tue Jul 28 13:07:06 UTC 2026","Tue Jul 28 13:07:06 UTC 2026","8","","AdminListingController — Tests unitaires","","com.tortiki.api.infrastructure.adapter.in.web.AdminListingControllerTest","updateStatus_shouldReturn404_whenListingNotFound","PATCH /admin/listings/{id}/status retourne 404 si l'annonce est introuvable","Annonce introuvable, HTTP 404 via GlobalExceptionHandler"
"passed","Tue Jul 28 13:07:11 UTC 2026","Tue Jul 28 13:07:11 UTC 2026","2","","ListingService — Tests unitaires","","com.tortiki.api.application.service.ListingServiceTest","findDistinctActiveCities_shouldReturnEmptyList_whenNoActiveListings","findDistinctActiveCities — retourne une liste vide si aucune annonce active","Aucune annonce active — liste vide retournée, aucune exception levée."
"passed","Tue Jul 28 13:07:09 UTC 2026","Tue Jul 28 13:07:09 UTC 2026","6","","AuthController — Tests unitaires WebMvcTest","","com.tortiki.api.infrastructure.adapter.in.web.AuthControllerTest","logout_shouldReturn204","POST /logout — retourne 204 et invalide la session","Déconnexion — session invalidée, HTTP 204 No Content retourné."
"passed","Tue Jul 28 13:07:11 UTC 2026","Tue Jul 28 13:07:11 UTC 2026","3","","UserService — Tests unitaires","","com.tortiki.api.application.service.UserServiceTest","register_shouldAssignRequestedRole_toNewUser","register — attribue le rôle demandé à l'utilisateur créé","Le rôle demandé est bien attribué à l'utilisateur lors de l'inscription."
"passed","Tue Jul 28 13:07:11 UTC 2026","Tue Jul 28 13:07:11 UTC 2026","3","","SubmitReviewService — Tests unitaires","","com.tortiki.api.application.service.SubmitReviewServiceTest","shouldThrowWhenReviewAlreadyExists","Doit lever ReviewAlreadyExistsException si évaluation déjà soumise","L'acheteur a déjà évalué cette annonce — ReviewAlreadyExistsException levée."
"passed","Tue Jul 28 13:07:10 UTC 2026","Tue Jul 28 13:07:10 UTC 2026","2","","ManageContactRequestService","","com.tortiki.api.application.service.ManageContactRequestServiceTest","shouldThrowWhenContactRequestNotFound","Doit lever ContactRequestNotFoundException si demande absente ou hors périmètre","La demande n'appartient pas au vendeur ou n'existe pas — ContactRequestNotFoundException levée."
"passed","Tue Jul 28 13:07:05 UTC 2026","Tue Jul 28 13:07:05 UTC 2026","11","","CuisineTypeController — Tests unitaires WebMvcTest","","com.tortiki.api.infrastructure.adapter.in.web.CuisineTypeControllerTest","findAll_shouldReturn200_withEmptyList","GET /cuisine-types — retourne 200 avec tableau vide si aucune origine","Référentiel vide — HTTP 200 avec tableau JSON vide."
"passed","Tue Jul 28 13:07:10 UTC 2026","Tue Jul 28 13:07:10 UTC 2026","1","","NominatimGateway — Tests unitaires","","com.tortiki.api.infrastructure.adapter.out.geolocation.NominatimGatewayTest","geocode_shouldReturnEmpty_whenCityIsNull","geocode : retourne Optional.empty() si city est null","Vérifie que geocode() retourne Optional.empty() immédiatement
sans appeler WebClient lorsque city est null.
Aucune requête HTTP ne doit être émise.
"
"passed","Tue Jul 28 13:07:07 UTC 2026","Tue Jul 28 13:07:07 UTC 2026","58","","ListingController — Tests unitaires WebMvcTest","","com.tortiki.api.infrastructure.adapter.in.web.ListingControllerTest","create_shouldReturn201_whenSellerCreatesListing","POST /listings — retourne 201 si la création réussit (SELLER)","Sofia crée une annonce en tant que vendeur — HTTP 201."
"passed","Tue Jul 28 13:07:11 UTC 2026","Tue Jul 28 13:07:11 UTC 2026","2","","ListingService — Tests unitaires","","com.tortiki.api.application.service.ListingServiceTest","create_shouldThrowUserNotFoundException_whenSellerNotFound","create — lève UserNotFoundException si le vendeur est inconnu","Vendeur introuvable lors de la création — UserNotFoundException levée."
"passed","Tue Jul 28 13:07:10 UTC 2026","Tue Jul 28 13:07:10 UTC 2026","7","","ReviewController — Tests unitaires","","com.tortiki.api.infrastructure.adapter.in.web.ReviewControllerTest","shouldReturn400WhenRatingIsNull","POST /reviews — 400 si rating est null","Note absente — 400 Bad Request retourné par @NotNull."
"passed","Tue Jul 28 13:07:08 UTC 2026","Tue Jul 28 13:07:08 UTC 2026","4","","ContactRequestController","","com.tortiki.api.infrastructure.adapter.in.web.ContactRequestControllerTest","shouldReturn401WhenNotAuthenticated","POST /api/v1/contact-requests → 401 sans authentification","Un utilisateur non authentifié tente de soumettre — 401 Non autorisé."
"passed","Tue Jul 28 13:07:10 UTC 2026","Tue Jul 28 13:07:10 UTC 2026","3","","NominatimGateway — Tests unitaires","","com.tortiki.api.infrastructure.adapter.out.geolocation.NominatimGatewayTest","geocode_shouldReturnEmpty_whenNominatimReturnsNoResult","geocode : retourne Optional.empty() si Nominatim renvoie liste vide","Vérifie que geocode() retourne Optional.empty() sans exception
lorsque Nominatim ne trouve aucun résultat pour la ville fournie.
Cas typique : ville inconnue ou mal orthographiée.
"
"passed","Tue Jul 28 13:07:09 UTC 2026","Tue Jul 28 13:07:09 UTC 2026","7","","AuthController — Tests unitaires WebMvcTest","","com.tortiki.api.infrastructure.adapter.in.web.AuthControllerTest","login_shouldReturn200_whenCredentialsAreValid","POST /login — retourne 200 avec UserResponse si les credentials sont valides","Sofia se connecte avec ses credentials valides — HTTP 200 avec profil."
"passed","Tue Jul 28 13:07:10 UTC 2026","Tue Jul 28 13:07:10 UTC 2026","6","","ReviewController — Tests unitaires","","com.tortiki.api.infrastructure.adapter.in.web.ReviewControllerTest","shouldReturn200WithReviewsWhenListingHasReviews","GET /reviews — 200 avec la liste des avis pour une annonce évaluée","Une annonce évaluée retourne 200 avec la liste des avis, sans authentification."
"passed","Tue Jul 28 13:07:08 UTC 2026","Tue Jul 28 13:07:08 UTC 2026","11","","AllergenController — Tests unitaires","","com.tortiki.api.infrastructure.adapter.in.web.AllergenControllerTest","shouldReturn201WhenAdminCreatesAllergen","POST /api/v1/allergens — retourne 201 pour ROLE_ADMIN","Un administrateur authentifié peut créer un nouvel allergène."
"passed","Tue Jul 28 13:07:11 UTC 2026","Tue Jul 28 13:07:11 UTC 2026","2","","SubmitReviewService — Tests unitaires","","com.tortiki.api.application.service.SubmitReviewServiceTest","shouldThrowWhenReviewerNotFound","Doit lever UserNotFoundException si acheteur absent ou inactif","L'acheteur est introuvable ou inactif — UserNotFoundException levée."
"passed","Tue Jul 28 13:07:11 UTC 2026","Tue Jul 28 13:07:11 UTC 2026","2","","ListingService — Tests unitaires","","com.tortiki.api.application.service.ListingServiceTest","update_shouldThrowListingNotFoundException_whenListingNotFound","update — lève ListingNotFoundException si l'annonce est inconnue","Annonce introuvable lors de la modification — ListingNotFoundException levée."
"passed","Tue Jul 28 13:07:06 UTC 2026","Tue Jul 28 13:07:06 UTC 2026","7","","AdminListingController — Tests unitaires","","com.tortiki.api.infrastructure.adapter.in.web.AdminListingControllerTest","findAll_shouldReturn403_whenNotAdmin","GET /admin/listings retourne 403 si le rôle ADMIN est absent","Utilisateur sans ROLE_ADMIN, HTTP 403 Forbidden"
"passed","Tue Jul 28 13:07:10 UTC 2026","Tue Jul 28 13:07:10 UTC 2026","2","","UserDetailsServiceImpl — Tests unitaires","","com.tortiki.api.infrastructure.adapter.out.persistence.UserDetailsServiceImplTest","loadUserByUsername_shouldReturnDisabledUserDetails_whenAccountIsDisabled","loadUserByUsername retourne isEnabled=false pour un compte désactivé","Compte désactivé — le UserDetails retourné a isEnabled() = false."
"passed","Tue Jul 28 13:07:25 UTC 2026","Tue Jul 28 13:07:25 UTC 2026","22","","SearchListingRepositoryIT","","com.tortiki.api.infrastructure.adapter.out.persistence.SearchListingRepositoryIT","shouldFilterByCuisineType","Doit filtrer les annonces par type de cuisine","Filtre par cuisineTypeId — retourne uniquement les annonces correspondantes."
"passed","Tue Jul 28 13:07:10 UTC 2026","Tue Jul 28 13:07:10 UTC 2026","5","","UserDetailsServiceImpl — Tests unitaires","","com.tortiki.api.infrastructure.adapter.out.persistence.UserDetailsServiceImplTest","loadUserByUsername_shouldThrowUsernameNotFoundException_whenEmailNotFound","loadUserByUsername lève UsernameNotFoundException si email inconnu ou inactif","Email inconnu ou compte inactif — UsernameNotFoundException levée."
"passed","Tue Jul 28 13:07:09 UTC 2026","Tue Jul 28 13:07:09 UTC 2026","8","","AuthController — Tests unitaires WebMvcTest","","com.tortiki.api.infrastructure.adapter.in.web.AuthControllerTest","login_shouldReturn401_whenCredentialsAreInvalid","POST /login — retourne 401 si les credentials sont invalides","Mauvais mot de passe — HTTP 401 Unauthorized avec body ErrorResponse OWASP."
"passed","Tue Jul 28 13:07:06 UTC 2026","Tue Jul 28 13:07:06 UTC 2026","8","","AdminListingController — Tests unitaires","","com.tortiki.api.infrastructure.adapter.in.web.AdminListingControllerTest","findAll_shouldReturn200withEmptyList","GET /admin/listings retourne 200 avec tableau vide si aucune annonce","Aucune annonce en base, HTTP 200 avec tableau JSON vide"
"passed","Tue Jul 28 13:07:25 UTC 2026","Tue Jul 28 13:07:25 UTC 2026","28","","ContactRequestRepositoryIT","","com.tortiki.api.infrastructure.adapter.out.persistence.ContactRequestRepositoryIT","shouldDetectDuplicateContactRequest","Doit détecter un doublon via existsByListingIdAndBuyerId","existsByListingIdAndBuyerId retourne true après une première persistance."
"passed","Tue Jul 28 13:07:09 UTC 2026","Tue Jul 28 13:07:09 UTC 2026","38","","AuthController — Tests unitaires WebMvcTest","","com.tortiki.api.infrastructure.adapter.in.web.AuthControllerTest","login_shouldReturn400_whenBodyIsInvalid","POST /login — retourne 400 si l'email est invalide","Corps de requête invalide — HTTP 400 Bad Request."
"passed","Tue Jul 28 13:07:11 UTC 2026","Tue Jul 28 13:07:11 UTC 2026","3","","ListingService — Tests unitaires","","com.tortiki.api.application.service.ListingServiceTest","changeStatus_shouldUpdateStatus","changeStatus — met à jour le statut de l'annonce","Admin change le statut d'une annonce vers INACTIVE."
"passed","Tue Jul 28 13:07:08 UTC 2026","Tue Jul 28 13:07:08 UTC 2026","12","","AllergenController — Tests unitaires","","com.tortiki.api.infrastructure.adapter.in.web.AllergenControllerTest","shouldReturn200WhenListingAllergensWithoutAuth","GET /api/v1/allergens — retourne 200 sans authentification","Tout visiteur, authentifié ou non, peut consulter la liste des allergènes."
"passed","Tue Jul 28 13:07:05 UTC 2026","Tue Jul 28 13:07:05 UTC 2026","21","","CuisineTypeController — Tests unitaires WebMvcTest","","com.tortiki.api.infrastructure.adapter.in.web.CuisineTypeControllerTest","findById_shouldReturn404_whenNotFound","GET /cuisine-types/{id} — retourne 404 si l'origine est introuvable","Origine culinaire introuvable — HTTP 404 via GlobalExceptionHandler."
"passed","Tue Jul 28 13:07:11 UTC 2026","Tue Jul 28 13:07:11 UTC 2026","1","","CuisineTypeService — Tests unitaires","","com.tortiki.api.application.service.CuisineTypeServiceTest","findAll_shouldReturnEmptyList_whenNoCuisineTypes","findAll — retourne une liste vide si aucune origine enregistrée","Retourne une liste vide si aucune origine n'est enregistrée."
"passed","Tue Jul 28 13:07:07 UTC 2026","Tue Jul 28 13:07:07 UTC 2026","11","","ListingController — Tests unitaires WebMvcTest","","com.tortiki.api.infrastructure.adapter.in.web.ListingControllerTest","findById_shouldReturn404_whenListingNotFound","GET /listings/{id} — retourne 404 si l'annonce est introuvable","Annonce introuvable — HTTP 404 via GlobalExceptionHandler."
"passed","Tue Jul 28 13:07:11 UTC 2026","Tue Jul 28 13:07:11 UTC 2026","2","","ListingService — Tests unitaires","","com.tortiki.api.application.service.ListingServiceTest","changeStatus_shouldThrowException_whenListingNotFound","changeStatus — lève ListingNotFoundException si l'annonce est inconnue","Annonce introuvable lors du changement de statut — ListingNotFoundException."
"passed","Tue Jul 28 13:07:07 UTC 2026","Tue Jul 28 13:07:07 UTC 2026","8","","ListingController — Tests unitaires WebMvcTest","","com.tortiki.api.infrastructure.adapter.in.web.ListingControllerTest","findDistinctActiveCities_shouldReturn200_withCityList","GET /listings/cities — retourne 200 avec la liste des villes distinctes","Villes actives présentes — HTTP 200 avec la liste triée."
"passed","Tue Jul 28 13:07:08 UTC 2026","Tue Jul 28 13:07:08 UTC 2026","9","","ContactRequestController","","com.tortiki.api.infrastructure.adapter.in.web.ContactRequestControllerTest","shouldReturn403WhenSellerTriesToSubmit","POST /api/v1/contact-requests → 403 pour ROLE_SELLER","Un vendeur tente de soumettre une demande — 403 Interdit."
"passed","Tue Jul 28 13:07:08 UTC 2026","Tue Jul 28 13:07:08 UTC 2026","6","","BuyerContactRequestController — Tests unitaires","","com.tortiki.api.infrastructure.adapter.in.web.BuyerContactRequestControllerTest","shouldReturn200WithEmptyListWhenBuyerHasNoRequests","GET /contact-requests/my — 200 avec liste vide si aucune demande","Un acheteur sans demande obtient une liste vide — 200 OK."
"passed","Tue Jul 28 13:07:10 UTC 2026","Tue Jul 28 13:07:10 UTC 2026","3","","ManageContactRequestService","","com.tortiki.api.application.service.ManageContactRequestServiceTest","shouldThrowWhenStatusAlreadyFinal","Doit lever InvalidStatusTransitionException si statut déjà final","Le vendeur tente de modifier un statut CONFIRMED — InvalidStatusTransitionException levée."
"passed","Tue Jul 28 13:07:08 UTC 2026","Tue Jul 28 13:07:08 UTC 2026","17","","BuyerContactRequestController — Tests unitaires","","com.tortiki.api.infrastructure.adapter.in.web.BuyerContactRequestControllerTest","shouldReturn200WithListWhenBuyerHasRequests","GET /contact-requests/my — 200 avec liste pour ROLE_BUYER authentifié","Un acheteur authentifié consulte son historique non vide — 200 OK."
"passed","Tue Jul 28 13:07:11 UTC 2026","Tue Jul 28 13:07:11 UTC 2026","2","","UserService — Tests unitaires","","com.tortiki.api.application.service.UserServiceTest","register_shouldThrowRoleNotFound_whenRoleNotInDatabase","register — lève RoleNotFoundException si le rôle est absent en base","Rôle absent en base (migration Flyway manquante) — RoleNotFoundException levée."
"passed","Tue Jul 28 13:07:05 UTC 2026","Tue Jul 28 13:07:05 UTC 2026","8","","CuisineTypeController — Tests unitaires WebMvcTest","","com.tortiki.api.infrastructure.adapter.in.web.CuisineTypeControllerTest","create_shouldReturn403_whenNotAdmin","POST /cuisine-types — retourne 403 si le rôle ADMIN est absent","Utilisateur sans ROLE_ADMIN — HTTP 403 Forbidden."
"passed","Tue Jul 28 13:07:10 UTC 2026","Tue Jul 28 13:07:10 UTC 2026","70","","FindReviewsService — Tests unitaires","","com.tortiki.api.application.service.FindReviewsServiceTest","findByListingId_shouldReturnReviews_whenReviewsExist","Doit retourner la liste des évaluations pour une annonce évaluée","Une annonce avec des évaluations retourne la liste complète."
"passed","Tue Jul 28 13:07:10 UTC 2026","Tue Jul 28 13:07:10 UTC 2026","6","","ReviewController — Tests unitaires","","com.tortiki.api.infrastructure.adapter.in.web.ReviewControllerTest","shouldReturn200WithEmptyListWhenNoReviews","GET /reviews — 200 avec liste vide si l'annonce n'a aucun avis","Une annonce sans avis retourne 200 avec une liste vide, sans erreur 404."
"passed","Tue Jul 28 13:07:10 UTC 2026","Tue Jul 28 13:07:10 UTC 2026","54","","NominatimGateway — Tests unitaires","","com.tortiki.api.infrastructure.adapter.out.geolocation.NominatimGatewayTest","geocode_shouldReturnEmpty_whenNetworkErrorOccurs","geocode : retourne Optional.empty() si le service est indisponible","Vérifie que geocode() absorbe les erreurs réseau et retourne
Optional.empty() sans propager l'exception au service applicatif.
Garantit que Nominatim indisponible ne fait pas planter la recherche.
"
"passed","Tue Jul 28 13:07:11 UTC 2026","Tue Jul 28 13:07:11 UTC 2026","2","","ListingService — Tests unitaires","","com.tortiki.api.application.service.ListingServiceTest","findBySeller_shouldReturnActiveListings","findBySeller — retourne les annonces ACTIVE du vendeur","Récupération des annonces actives d'un vendeur."
"passed","Tue Jul 28 13:07:06 UTC 2026","Tue Jul 28 13:07:06 UTC 2026","10","","SearchListingController — Tests unitaires WebMvcTest","","com.tortiki.api.infrastructure.adapter.in.web.SearchListingControllerTest","search_shouldAcceptAllFilterParams_whenProvided","GET /search : accepte tous les paramètres de filtre","Vérifie que GET /api/v1/listings/search accepte query, city,
cuisineTypeId, maxPrice, radiusKm, page, size sans erreur.
"
"passed","Tue Jul 28 13:07:10 UTC 2026","Tue Jul 28 13:07:10 UTC 2026","10","","ReviewController — Tests unitaires","","com.tortiki.api.infrastructure.adapter.in.web.ReviewControllerTest","shouldReturn200ForUnauthenticatedUser","GET /reviews — 200 pour un utilisateur non authentifié","Un visiteur non authentifié peut consulter les avis — endpoint public."
"passed","Tue Jul 28 13:07:05 UTC 2026","Tue Jul 28 13:07:05 UTC 2026","58","","CuisineTypeController — Tests unitaires WebMvcTest","","com.tortiki.api.infrastructure.adapter.in.web.CuisineTypeControllerTest","findById_shouldReturn200_whenFound","GET /cuisine-types/{id} — retourne 200 avec l'origine culinaire","Origine culinaire trouvée — HTTP 200 avec le détail."
"passed","Tue Jul 28 13:07:11 UTC 2026","Tue Jul 28 13:07:11 UTC 2026","3","","ListingService — Tests unitaires","","com.tortiki.api.application.service.ListingServiceTest","delete_shouldSetStatusInactive_whenSellerIsOwner","delete — passe le statut à INACTIVE (suppression logique)","Sofia supprime son annonce — suppression logique, statut passe à INACTIVE."
"passed","Tue Jul 28 13:07:07 UTC 2026","Tue Jul 28 13:07:07 UTC 2026","7","","ListingController — Tests unitaires WebMvcTest","","com.tortiki.api.infrastructure.adapter.in.web.ListingControllerTest","findById_shouldReturn200_whenListingExists","GET /listings/{id} — retourne 200 avec l'annonce correspondante","Annonce trouvée — HTTP 200 avec le détail complet."
"passed","Tue Jul 28 13:07:10 UTC 2026","Tue Jul 28 13:07:10 UTC 2026","2","","AllergenService — Tests unitaires","","com.tortiki.api.application.service.AllergenServiceTest","findById_shouldReturnAllergen_whenFound","findById retourne l'allergène correspondant","Allergène trouvé par son identifiant."
"passed","Tue Jul 28 13:07:07 UTC 2026","Tue Jul 28 13:07:07 UTC 2026","6","","ListingController — Tests unitaires WebMvcTest","","com.tortiki.api.infrastructure.adapter.in.web.ListingControllerTest","findAll_shouldReturn200_withEmptyList","GET /listings — retourne 200 avec tableau vide si aucune annonce","Catalogue vide — HTTP 200 avec un tableau JSON vide."
"passed","Tue Jul 28 13:07:07 UTC 2026","Tue Jul 28 13:07:07 UTC 2026","9","","SellerDashboardController","","com.tortiki.api.infrastructure.adapter.in.web.SellerDashboardControllerTest","shouldReturn409WhenStatusTransitionForbidden","Doit retourner 409 si transition de statut interdite","Le vendeur tente de modifier un statut final — 409 Conflict retourné."
"passed","Tue Jul 28 13:07:11 UTC 2026","Tue Jul 28 13:07:11 UTC 2026","3","","ListingService — Tests unitaires","","com.tortiki.api.application.service.ListingServiceTest","create_shouldSaveListing_whenGeolocationReturnsEmpty","create — crée l'annonce sans coordonnées si Nominatim échoue","Nominatim indisponible — annonce créée sans coordonnées, pas d'exception."
"passed","Tue Jul 28 13:07:25 UTC 2026","Tue Jul 28 13:07:25 UTC 2026","22","","ContactRequestRepositoryIT","","com.tortiki.api.infrastructure.adapter.out.persistence.ContactRequestRepositoryIT","shouldReturnEmptyListWhenNoRequestsForListing","Doit retourner une liste vide si aucune demande pour ce listingId","findByListingId retourne une liste vide si aucune demande pour cette annonce."
"passed","Tue Jul 28 13:07:11 UTC 2026","Tue Jul 28 13:07:11 UTC 2026","2","","CuisineTypeService — Tests unitaires","","com.tortiki.api.application.service.CuisineTypeServiceTest","findAll_shouldReturnAllCuisineTypes","findAll — retourne toutes les origines culinaires","Récupération de la liste complète des origines culinaires."
"passed","Tue Jul 28 13:07:06 UTC 2026","Tue Jul 28 13:07:06 UTC 2026","15","","AdminListingController — Tests unitaires","","com.tortiki.api.infrastructure.adapter.in.web.AdminListingControllerTest","updateStatus_shouldReturn200_whenAdminUpdates","PATCH /admin/listings/{id}/status retourne 200 si la modération réussit","Admin désactive une annonce, HTTP 200 avec le statut mis à jour"
"passed","Tue Jul 28 13:07:11 UTC 2026","Tue Jul 28 13:07:11 UTC 2026","1","","SearchListingsService — Tests unitaires","","com.tortiki.api.application.service.SearchListingsServiceTest","search_shouldNotCallGeolocation_whenCityIsNull","search : n'appelle pas GeolocationPort si city est null","Vérifie que search() ne sollicite pas le port de géolocalisation
lorsque city est null — évite un appel réseau inutile.
"
"passed","Tue Jul 28 13:07:07 UTC 2026","Tue Jul 28 13:07:07 UTC 2026","14","","ListingController — Tests unitaires WebMvcTest","","com.tortiki.api.infrastructure.adapter.in.web.ListingControllerTest","findDistinctActiveCities_shouldReturn200_withEmptyList","GET /listings/cities — retourne 200 avec tableau vide si aucune ville","Aucune ville active — HTTP 200 avec un tableau JSON vide."
"passed","Tue Jul 28 13:07:10 UTC 2026","Tue Jul 28 13:07:10 UTC 2026","2","","AllergenService — Tests unitaires","","com.tortiki.api.application.service.AllergenServiceTest","findAll_shouldReturnEmptyList_whenNoAllergens","findAll retourne une liste vide si le référentiel est vide","Référentiel vide retourne une liste vide, jamais null."
"passed","Tue Jul 28 13:07:11 UTC 2026","Tue Jul 28 13:07:11 UTC 2026","4","","CuisineTypeService — Tests unitaires","","com.tortiki.api.application.service.CuisineTypeServiceTest","delete_shouldThrowException_whenUsedByActiveListing","delete — lève CuisineTypeInUseException si des annonces actives la référencent","Suppression bloquée si des annonces actives référencent l'origine — règle métier."
"passed","Tue Jul 28 13:07:11 UTC 2026","Tue Jul 28 13:07:11 UTC 2026","1","","SearchListingsService — Tests unitaires","","com.tortiki.api.application.service.SearchListingsServiceTest","search_shouldNotCallGeolocation_whenCityIsBlank","search : n'appelle pas GeolocationPort si city est blank","Vérifie que search() ne sollicite pas le port de géolocalisation
lorsque city est une chaîne vide ou espaces.
"
"passed","Tue Jul 28 13:07:11 UTC 2026","Tue Jul 28 13:07:11 UTC 2026","2","","ListingService — Tests unitaires","","com.tortiki.api.application.service.ListingServiceTest","delete_shouldThrowUnauthorizedActionException_whenSellerIsNotOwner","delete — lève UnauthorizedActionException si le vendeur n'est pas propriétaire","Un vendeur tiers tente de supprimer l'annonce — UnauthorizedActionException levée."
"passed","Tue Jul 28 13:07:06 UTC 2026","Tue Jul 28 13:07:06 UTC 2026","7","","SellerDashboardController","","com.tortiki.api.infrastructure.adapter.in.web.SellerDashboardControllerTest","shouldReturn403ForBuyerOnPatchStatus","Doit retourner 403 pour ROLE_BUYER sur PATCH status","Un acheteur tente de modifier un statut — 403 retourné."
"passed","Tue Jul 28 13:07:25 UTC 2026","Tue Jul 28 13:07:25 UTC 2026","20","","ContactRequestRepositoryIT","","com.tortiki.api.infrastructure.adapter.out.persistence.ContactRequestRepositoryIT","shouldSaveContactRequestAndReturnGeneratedId","Doit persister une demande et retourner l'id généré","Une demande valide est persistée et retournée avec son id généré."
"passed","Tue Jul 28 13:07:11 UTC 2026","Tue Jul 28 13:07:11 UTC 2026","90","","ListingService — Tests unitaires","","com.tortiki.api.application.service.ListingServiceTest","create_shouldReturnSavedListing_whenSellerAndCuisineTypeExist","create — crée et retourne une annonce avec statut ACTIVE","Sofia crée une annonce — vendeur et origine culinaire résolus, annonce persistée."
"passed","Tue Jul 28 13:07:11 UTC 2026","Tue Jul 28 13:07:11 UTC 2026","2","","CuisineTypeService — Tests unitaires","","com.tortiki.api.application.service.CuisineTypeServiceTest","delete_shouldDeleteCuisineType_whenNotUsedByActiveListing","delete — supprime une origine non utilisée par des annonces actives","Suppression d'une origine non référencée par des annonces actives — OK."
"passed","Tue Jul 28 13:07:25 UTC 2026","Tue Jul 28 13:07:25 UTC 2026","28","","ContactRequestRepositoryIT","","com.tortiki.api.infrastructure.adapter.out.persistence.ContactRequestRepositoryIT","shouldFindContactRequestsByListingId","Doit retourner les demandes par listingId","findByListingId retourne toutes les demandes pour une annonce."
"passed","Tue Jul 28 13:07:11 UTC 2026","Tue Jul 28 13:07:11 UTC 2026","2","","SubmitReviewService — Tests unitaires","","com.tortiki.api.application.service.SubmitReviewServiceTest","shouldThrowWhenCommandListingIdIsNull","Command doit lever IllegalArgumentException si listingId est null","listingId null — IllegalArgumentException levée dès la construction."
